roommates,setting,score,mismatch,sockless_pct,exhausted_pct
1,$0 / 1y,0.012847208333333332,0.012847222222222223,0.0,0.0
1,$1000 / 3y,0.0025462500000000003,0.0025462962962962965,0.0,0.0
1,$1000 / 5y,0.006388916666666667,0.006388888888888888,0.0,0.0
1,$150 / 1y,0.001736125,0.001736111111111111,0.0,0.0
1,$150 / 2y,0.014294000000000001,0.014293981481481482,0.0,0.0
1,$1500 / 10y,0.07219904166666667,0.07219907407407407,0.0,0.0
1,$1500 / 5y,0.0034722083333333337,0.003472222222222222,0.0,0.0
1,$300 / 1y,0.0,0.0,0.0,0.0
1,$300 / 2y,0.0035879583333333336,0.003587962962962963,0.0,0.0
1,$500 / 2y,0.0005787083333333333,0.0005787037037037037,0.0,0.0
1,$500 / 3y,0.00347225,0.0034722222222222225,0.0,0.0
1,Unlimited / 1y,0.0,0.0,0.0,0.0
2,$0 / 1y,546.5166087708334,0.38327546296296294,12.5,12.5
2,$1000 / 3y,0.011072479166666668,0.01107253086419753,0.0,0.0
2,$1000 / 5y,0.041666645833333335,0.041666666666666664,0.0,0.0
2,$150 / 1y,0.022106479166666665,0.02210648148148148,0.0,0.0
2,$150 / 2y,0.08538766666666668,0.08538773148148149,0.0,0.0
2,$1500 / 10y,0.17517366666666667,0.1751736111111111,0.0,0.0
2,$1500 / 5y,0.023217541666666664,0.023217592592592592,0.0,0.0
2,$300 / 1y,0.003703708333333333,0.0037037037037037034,0.0,0.0
2,$300 / 2y,0.0175346875,0.017534722222222222,0.0,0.0
2,$500 / 2y,0.014467583333333332,0.014467592592592593,0.0,0.0
2,$500 / 3y,0.03371908333333334,0.03371913580246914,0.0,0.0
2,Unlimited / 1y,0.0,0.0,0.0,0.0
9,$0 / 1y,7364.474202662037,0.10218621399176954,37.5,37.5
9,$1000 / 3y,0.5974108472222223,0.5974108367626886,0.0,0.0
9,$1000 / 5y,2.5013811944444444,2.501381172839506,0.0,16.666666666666664
9,$150 / 1y,0.4958718796296296,0.4958719135802469,0.0,8.333333333333332
9,$150 / 2y,4806.052752074074,1.2593364197530865,41.66666666666667,62.5
9,$1500 / 10y,249.1507613240741,5.7505967078189295,37.5,95.83333333333334
9,$1500 / 5y,1.0489402962962964,1.048940329218107,0.0,4.166666666666666
9,$300 / 1y,0.19548605555555554,0.1954861111111111,0.0,0.0
9,$300 / 2y,1.4320280324074075,1.4320280349794239,0.0,16.666666666666664
9,$500 / 2y,0.6836548101851853,0.6836548353909465,0.0,0.0
9,$500 / 3y,2.152940699074074,2.1529406721536355,0.0,12.5
9,Unlimited / 1y,0.0,0.0,0.0,0.0
18,$0 / 1y,9322.2704668125,0.07787422839506174,37.5,37.5
18,$1000 / 3y,3.461514050925926,3.4615140603566528,0.0,29.166666666666668
18,$1000 / 5y,10113.618411810185,3.409358281893004,75.0,100.0
18,$150 / 1y,2617.8990355,1.0101466049382715,25.0,41.66666666666667
18,$150 / 2y,14788.279931833335,0.7507137345679012,62.5,75.0
18,$1500 / 10y,23999.17203446991,3.1015817901234572,100.0,100.0
18,$1500 / 5y,283.17001541898145,4.625159465020576,25.0,95.83333333333334
18,$300 / 1y,79.24120368981481,1.2823559670781892,25.0,50.0
18,$300 / 2y,7737.28040445139,1.655713091563786,50.0,75.0
18,$500 / 2y,1022.8324620740741,2.414355066872428,37.5,75.0
18,$500 / 3y,9466.526433914352,2.181852280521262,75.0,75.0
18,Unlimited / 1y,0.0,0.0,0.0,0.0
36,$0 / 1y,10510.380301553241,0.0527295524691358,50.0,50.0
36,$1000 / 3y,10568.925295783565,2.4814000342935527,75.0,75.0
36,$1000 / 5y,25048.539106849537,1.8362262088477366,75.0,100.0
36,$150 / 1y,7521.18381878588,0.6834072788065844,50.0,50.0
36,$150 / 2y,20348.193529765045,0.6182211291152263,75.0,75.0
36,$1500 / 10y,39063.652022250004,1.3600057870370372,100.0,100.0
36,$1500 / 5y,17756.072192631946,2.777707047325103,75.0,100.0
36,$300 / 1y,3225.342164990741,1.2170621141975309,25.0,58.333333333333336
36,$300 / 2y,16060.389737649304,0.9724537037037037,75.0,75.0
36,$500 / 2y,10844.477348575232,1.560476144547325,50.0,75.0
36,$500 / 3y,21554.595897631945,1.1517275377229081,75.0,75.0
36,Unlimited / 1y,0.0,0.0,0.0,0.0
