group,rho,exhausted_pct,exhaustion_time,sockless_pct
1,3.6,8.333333333333332,0.9750000000000001,0.0
1,4.0,0.0,,0.0
1,4.8,0.0,,0.0
1,6.0,8.333333333333332,0.9802777777777778,0.0
1,7.2,0.0,,0.0
1,8.0,1.6666666666666667,0.995,0.0
1,9.6,0.0,,0.0
1,12.0,0.0,,0.0
1,14.4,0.0,,0.0
1,16.0,4.166666666666666,0.9815972222222222,0.0
1,32.0,0.0,,0.0
1,32.4,0.0,,0.0
1,36.0,4.166666666666666,0.9744444444444444,0.0
1,43.2,4.166666666666666,0.9347222222222222,0.0
1,54.0,4.166666666666666,0.9711111111111111,0.0
1,64.8,16.666666666666664,0.9752314814814815,0.0
1,72.0,23.333333333333332,0.974077380952381,0.03904320987654321
1,86.4,33.33333333333333,0.9211805555555556,0.2826003086419753
1,108.0,87.5,0.7567989417989418,11.530606995884774
1,129.6,75.0,0.6941872427983539,11.997170781893002
1,144.0,68.75,0.6952048260381593,12.576999742798353
1,172.8,75.0,0.669212962962963,13.300861625514404
1,216.0,100.0,0.529050925925926,35.49691358024691
1,259.2,75.0,0.4508744855967078,28.80637002743484
1,288.0,71.875,0.4894082125603864,26.566478587962965
1,576.0,75.0,0.5040895061728395,27.891428755144034
2,3.6,0.0,,0.0
2,4.0,0.0,,0.0
2,4.8,0.0,,0.0
2,6.0,0.0,,0.0
2,7.2,0.0,,0.0
2,8.0,0.0,,0.0
2,9.6,0.0,,0.0
2,12.0,0.0,,0.0
2,14.4,0.0,,0.0
2,16.0,0.0,,0.0
2,32.0,0.0,,0.0
2,32.4,0.0,,0.0
2,36.0,0.0,,0.0
2,43.2,0.0,,0.0
2,54.0,0.0,,0.0
2,64.8,0.0,,0.0
2,72.0,20.0,0.9787499999999999,0.025025720164609053
2,86.4,33.33333333333333,0.9435763888888888,0.4140946502057613
2,108.0,87.5,0.7867460317460319,11.40110596707819
2,129.6,75.0,0.7039094650205762,11.910686728395063
2,144.0,63.888888888888886,0.6718146135265701,12.532364540466393
2,172.8,75.0,0.6754629629629629,13.279642489711934
2,216.0,100.0,0.5209490740740741,35.432677469135804
2,259.2,75.0,0.45354938271604944,28.774434156378597
2,288.0,75.0,0.5053703703703704,26.490523726851855
2,576.0,75.0,0.47770061728395063,27.863458076131693
3,3.6,0.0,,0.0
3,4.0,0.0,,0.0
3,4.8,0.0,,0.0
3,6.0,0.0,,0.0
3,7.2,0.0,,0.0
3,8.0,0.0,,0.0
3,9.6,0.0,,0.0
3,12.0,0.0,,0.0
3,14.4,0.0,,0.0
3,16.0,0.0,,0.0
3,32.0,0.0,,0.0
3,32.4,0.0,,0.0
3,36.0,0.0,,0.0
3,43.2,0.0,,0.0
3,54.0,0.0,,0.0
3,64.8,0.0,,0.0
3,72.0,14.166666666666666,0.9822549019607844,0.044341563786008224
3,86.4,29.166666666666668,0.9180555555555555,0.3044624485596708
3,108.0,87.5,0.7775925925925926,11.409336419753085
3,129.6,75.0,0.7366512345679013,11.890807184499314
3,144.0,68.75,0.7190965207631875,12.462855795610423
3,172.8,75.0,0.7047839506172839,13.217592592592595
3,216.0,100.0,0.5431712962962963,35.42238940329218
3,259.2,75.0,0.47088477366255144,28.714098936899862
3,288.0,71.875,0.4923027375201289,26.4751077031893
3,576.0,75.0,0.5011574074074074,27.80912422839506
4,3.6,0.0,,0.0
4,4.0,0.0,,0.0
4,4.8,0.0,,0.0
4,6.0,0.0,,0.0
4,7.2,0.0,,0.0
4,8.0,0.0,,0.0
4,9.6,0.0,,0.0
4,12.0,0.0,,0.0
4,14.4,0.0,,0.0
4,16.0,0.0,,0.0
4,32.0,0.0,,0.0
4,32.4,0.0,,0.0
4,36.0,2.083333333333333,0.9994444444444445,0.0
4,43.2,0.0,,0.0
4,54.0,16.666666666666664,0.9718055555555556,0.0
4,64.8,20.833333333333336,0.9756481481481482,0.0
4,72.0,53.333333333333336,0.9485894097222223,0.1830761316872428
4,86.4,75.0,0.8719135802469136,1.5570344650205763
4,108.0,100.0,0.7331018518518518,15.42695473251029
4,129.6,75.0,0.6094907407407407,15.282278806584362
4,144.0,72.91666666666666,0.644452380952381,15.2920524691358
4,172.8,75.0,0.5864197530864197,16.54497813786008
4,216.0,100.0,0.48391203703703706,38.21823559670782
4,259.2,75.0,0.40694444444444444,32.88794581618656
4,288.0,75.0,0.46927083333333336,29.537101337448558
4,576.0,75.0,0.47445987654320987,31.047935956790123
6,3.6,0.0,,0.0
6,4.0,0.0,,0.0
6,4.8,0.0,,0.0
6,6.0,0.0,,0.0
6,7.2,0.0,,0.0
6,8.0,0.0,,0.0
6,9.6,0.0,,0.0
6,12.0,0.0,,0.0
6,14.4,0.0,,0.0
6,16.0,0.0,,0.0
6,32.0,0.0,,0.0
6,32.4,0.0,,0.0
6,36.0,0.0,,0.0
6,43.2,0.0,,0.0
6,54.0,0.0,,0.0
6,64.8,0.0,,0.0
6,72.0,14.166666666666666,0.9764542483660131,0.07008744855967078
6,86.4,25.0,0.8851851851851852,0.5443029835390947
6,108.0,87.5,0.7734391534391534,11.902006172839506
6,129.6,75.0,0.7068930041152264,12.153903034979423
6,144.0,71.52777777777779,0.6974056094929881,12.63190157750343
6,172.8,75.0,0.6408179012345678,13.41210133744856
6,216.0,100.0,0.5014351851851852,35.565650720164605
6,259.2,75.0,0.42911522633744853,28.774648491083678
6,288.0,75.0,0.48619212962962965,26.53283339763374
6,576.0,75.0,0.4391203703703704,27.849954989711932
7,3.6,12.5,0.992283950617284,0.0
7,4.0,4.166666666666666,0.9833333333333334,0.0
7,4.8,8.333333333333332,0.9888888888888889,0.0
7,6.0,0.0,,0.0
7,7.2,0.0,,0.0
7,8.0,0.0,,0.0
7,9.6,4.166666666666666,0.9986111111111111,0.0
7,12.0,12.5,0.9988888888888888,0.0
7,14.4,4.166666666666666,0.9972222222222222,0.0
7,16.0,3.125,0.9975,0.0
7,32.0,0.0,,0.0
7,32.4,4.166666666666666,0.9842592592592593,0.0
7,36.0,0.0,,0.0
7,43.2,0.0,,0.0
7,54.0,12.5,0.9338888888888889,0.04526748971193416
7,64.8,0.0,,0.0
7,72.0,19.166666666666668,0.9751932367149759,0.08253600823045268
7,86.4,29.166666666666668,0.9724206349206349,0.09580761316872428
7,108.0,87.5,0.812962962962963,11.40110596707819
7,129.6,68.75,0.7361111111111112,11.90704303840878
7,144.0,70.13888888888889,0.7232783278327833,12.336494770233195
7,172.8,75.0,0.6800154320987654,13.24636702674897
7,216.0,100.0,0.5141898148148148,35.46444187242798
7,259.2,75.0,0.4703189300411522,28.785793895747595
7,288.0,75.0,0.4828587962962963,26.39887956532922
7,576.0,75.0,0.46512345679012346,27.78469007201646
8,3.6,0.0,,0.0
8,4.0,0.0,,0.0
8,4.8,0.0,,0.0
8,6.0,0.0,,0.0
8,7.2,0.0,,0.0
8,8.0,0.8333333333333334,0.95,0.0
8,9.6,0.0,,0.0
8,12.0,4.166666666666666,0.9794444444444445,0.0
8,14.4,0.0,,0.0
8,16.0,0.0,,0.0
8,32.0,12.5,0.9611111111111111,0.0
8,32.4,4.166666666666666,0.987037037037037,0.0
8,36.0,8.333333333333332,0.9877777777777779,0.0
8,43.2,12.5,0.9587962962962964,0.026363168724279837
8,54.0,0.0,,0.0
8,64.8,2.083333333333333,0.9953703703703703,0.0
8,72.0,28.333333333333332,0.9746160130718955,0.09881687242798355
8,86.4,33.33333333333333,0.9213541666666667,0.5073302469135802
8,108.0,87.5,0.762010582010582,11.511574074074076
8,129.6,75.0,0.7084104938271605,11.943587105624143
8,144.0,69.44444444444444,0.6940055555555555,12.60399519890261
8,172.8,75.0,0.6732253086419753,13.313400205761317
8,216.0,100.0,0.5316898148148148,35.41949588477366
8,259.2,75.0,0.4483539094650205,28.78482938957476
8,288.0,71.875,0.485293880837359,26.471530992798353
8,576.0,75.0,0.5003086419753087,27.80783822016461
9,3.6,0.0,,0.0
9,4.0,0.0,,0.0
9,4.8,0.0,,0.0
9,6.0,0.0,,0.0
9,7.2,0.0,,0.0
9,8.0,0.0,,0.0
9,9.6,0.0,,0.0
9,12.0,0.0,,0.0
9,14.4,0.0,,0.0
9,16.0,0.0,,0.0
9,32.0,0.0,,0.0
9,32.4,0.0,,0.0
9,36.0,0.0,,0.0
9,43.2,0.0,,0.0
9,54.0,0.0,,0.0
9,64.8,0.0,,0.0
9,72.0,25.0,0.9164074074074073,0.9348508230452675
9,86.4,37.5,0.9188271604938271,0.7876800411522633
9,108.0,87.5,0.7265873015873016,15.676183127572015
9,129.6,75.0,0.6826131687242798,14.019740226337449
9,144.0,68.75,0.6660241301907969,14.41872427983539
9,172.8,75.0,0.6490740740740741,14.477076903292183
9,216.0,100.0,0.5121527777777778,37.18428497942387
9,259.2,75.0,0.432716049382716,30.190865054869683
9,288.0,71.875,0.4693357487922705,27.566108860596707
9,576.0,75.0,0.4874228395061729,28.44087577160494
10,3.6,0.0,,0.0
10,4.0,0.0,,0.0
10,4.8,0.0,,0.0
10,6.0,0.0,,0.0
10,7.2,0.0,,0.0
10,8.0,0.0,,0.0
10,9.6,0.0,,0.0
10,12.0,0.0,,0.0
10,14.4,0.0,,0.0
10,16.0,0.0,,0.0
10,32.0,0.0,,0.0
10,32.4,0.0,,0.0
10,36.0,0.0,,0.0
10,43.2,0.0,,0.0
10,54.0,0.0,,0.0
10,64.8,0.0,,0.0
10,72.0,13.333333333333334,0.9881423611111111,0.018261316872427984
10,86.4,33.33333333333333,0.9409722222222222,0.32375257201646085
10,108.0,83.33333333333334,0.7746388888888889,11.40895061728395
10,129.6,75.0,0.717798353909465,11.920599708504803
10,144.0,62.5,0.6726358024691358,12.539780521262001
10,172.8,75.0,0.6736882716049383,13.322402263374485
10,216.0,100.0,0.5140277777777778,35.431584362139915
10,259.2,75.0,0.44881687242798357,28.743998628257888
10,288.0,75.0,0.48956790123456795,26.428071952160494
10,576.0,75.0,0.43209876543209874,27.824877829218103
