household_type,roommates,budget_total,years,drawer_multiplier,score,sockless_pct
n36_diff,36,0.0,1,1,35840.014583375,54.687499999999986
n36_diff,36,0.0,1,2,6053.164236125001,9.23611111111111
n36_diff,36,0.0,1,4,0.05439808333333334,0.0
n36_diff,36,0.0,1,10,0.0011574166666666666,0.0
n36_diff,36,150.0,1,1,23097.30567125,35.24305555555556
n36_diff,36,150.0,1,2,1965.83067125,2.997685185185185
n36_diff,36,150.0,1,4,0.2618055833333333,0.0
n36_diff,36,150.0,1,10,0.006944416666666667,0.0
n36_diff,36,150.0,2,1,44032.156192124996,67.18749999999999
n36_diff,36,150.0,2,2,29632.0395255,45.21412037037037
n36_diff,36,150.0,2,4,3353.6688077916665,5.1157407407407405
n36_diff,36,150.0,2,10,0.07800933333333333,0.0
n36_diff,36,300.0,1,1,11614.759027833332,17.71990740740741
n36_diff,36,300.0,1,2,9.994328666666666,0.011574074074074075
n36_diff,36,300.0,1,4,0.5886574166666667,0.0
n36_diff,36,300.0,1,10,0.029513875,0.0
n36_diff,36,300.0,2,1,37141.53547454166,56.67245370370371
n36_diff,36,300.0,2,2,23461.784895833334,35.798611111111114
n36_diff,36,300.0,2,4,1249.3811343333332,1.9039351851851853
n36_diff,36,300.0,2,10,0.17407408333333332,0.0
n36_diff,36,500.0,2,1,28377.467187624996,43.298611111111114
n36_diff,36,500.0,2,2,15638.793692166664,23.859953703703702
n36_diff,36,500.0,2,4,2.2945023333333334,0.0
n36_diff,36,500.0,2,10,0.3083333333333333,0.0
n36_diff,36,500.0,3,1,40262.991628083335,61.43518518518519
n36_diff,36,500.0,3,2,31476.99120370833,48.02854938271605
n36_diff,36,500.0,3,4,13523.187962999998,20.63271604938271
n36_diff,36,500.0,3,10,0.5887731666666667,0.0
n36_diff,36,1000.0,3,1,25827.115084875,39.40586419753085
n36_diff,36,1000.0,3,2,18381.915586333333,28.043981481481477
n36_diff,36,1000.0,3,4,2819.5128857500004,4.297839506172839
n36_diff,36,1000.0,3,10,1.1421682916666667,0.0
n36_diff,36,1000.0,5,1,41077.954189874996,62.67824074074074
n36_diff,36,1000.0,5,2,35930.983125,54.82407407407407
n36_diff,36,1000.0,5,4,24978.082708375,38.111111111111114
n36_diff,36,1000.0,5,10,9.709143541666668,0.011574074074074075
n36_diff,36,1500.0,5,1,32741.222222250002,49.95601851851852
n36_diff,36,1500.0,5,2,28022.41386575,42.75462962962963
n36_diff,36,1500.0,5,4,17750.460092583333,27.08101851851852
n36_diff,36,1500.0,5,10,2.7025694999999996,0.0
n36_diff,36,1500.0,10,1,48761.51105325,74.40277777777777
n36_diff,36,1500.0,10,2,45798.849132,69.88194444444443
n36_diff,36,1500.0,10,4,40249.565324041665,61.414351851851855
n36_diff,36,1500.0,10,10,24090.928229166664,36.75810185185185
n36_diff,36,inf,1,1,0.0,0.0
n36_diff,36,inf,1,2,0.0008101666666666666,0.0
n36_diff,36,inf,1,4,0.0,0.0
n36_diff,36,inf,1,10,0.0,0.0
n36_homo,36,0.0,1,1,35713.61288586111,54.49459876543209
n36_homo,36,0.0,1,2,6327.872813703703,9.655349794238681
n36_homo,36,0.0,1,4,0.033423333333333326,0.0
n36_homo,36,0.0,1,10,0.0020833148148148148,0.0
n36_homo,36,150.0,1,1,27939.336638356483,42.629886831275726
n36_homo,36,150.0,1,2,2145.1684670462964,3.2716049382716044
n36_homo,36,150.0,1,4,0.21514917592592595,0.0
n36_homo,36,150.0,1,10,0.015020564814814815,0.0
n36_homo,36,150.0,2,1,46650.43886956944,71.18184156378601
n36_homo,36,150.0,2,2,31072.132896092593,47.411265432098766
n36_homo,36,150.0,2,4,3670.107574578704,5.598636831275721
n36_homo,36,150.0,2,10,0.09477881944444444,0.0
n36_homo,36,300.0,1,1,12898.964107490741,19.67849794238683
n36_homo,36,300.0,1,2,1.8530735601851849,0.0
n36_homo,36,300.0,1,4,0.5131815925925926,0.0
n36_homo,36,300.0,1,10,0.03829731944444444,0.0
n36_homo,36,300.0,2,1,38998.54910621759,59.50488683127572
n36_homo,36,300.0,2,2,23616.525893791666,36.03459362139918
n36_homo,36,300.0,2,4,1626.3199009629632,2.4794238683127574
n36_homo,36,300.0,2,10,0.164049625,0.0
n36_homo,36,500.0,2,1,28638.698823319442,43.69598765432099
n36_homo,36,500.0,2,2,14737.008603416667,22.483924897119344
n36_homo,36,500.0,2,4,1.9278806388888887,0.0
n36_homo,36,500.0,2,10,0.27408692592592593,0.0
n36_homo,36,500.0,3,1,40961.84486024074,62.500428669410155
n36_homo,36,500.0,3,2,30712.55038151389,46.861711248285324
n36_homo,36,500.0,3,4,14543.464711949075,22.189643347050755
n36_homo,36,500.0,3,10,0.523636824074074,0.0
n36_homo,36,1000.0,3,1,23774.529663935187,36.272719478738
n36_homo,36,1000.0,3,2,16373.649198402776,24.979423868312757
n36_homo,36,1000.0,3,4,2126.60360937037,3.2403120713305893
n36_homo,36,1000.0,3,10,0.9187114259259258,0.0
n36_homo,36,1000.0,5,1,40443.375300875,61.708847736625515
n36_homo,36,1000.0,5,2,34475.661988175925,52.60288065843621
n36_homo,36,1000.0,5,4,25273.217412513888,38.56121399176954
n36_homo,36,1000.0,5,10,1.9017258333333331,0.0
n36_homo,36,1500.0,5,1,30170.64450613889,46.03266460905349
n36_homo,36,1500.0,5,2,24707.56413065278,37.69598765432099
n36_homo,36,1500.0,5,4,16143.76436725926,24.62885802469136
n36_homo,36,1500.0,5,10,2.3157664768518518,0.0
n36_homo,36,1500.0,10,1,47843.89217206019,73.00180041152264
n36_homo,36,1500.0,10,2,44745.100002569445,68.27327674897118
n36_homo,36,1500.0,10,4,39736.744126833335,60.63143004115226
n36_homo,36,1500.0,10,10,23928.871787537035,36.510802469135804
n36_homo,36,inf,1,1,0.0,0.0
n36_homo,36,inf,1,2,0.0,0.0
n36_homo,36,inf,1,4,0.0,0.0
n36_homo,36,inf,1,10,0.0,0.0
n9_diff,9,0.0,1,1,28368.821759333336,43.28703703703704
n9_diff,9,0.0,1,2,424.8768518333333,0.6481481481481481
n9_diff,9,0.0,1,4,0.03240733333333334,0.0
n9_diff,9,0.0,1,10,0.0,0.0
n9_diff,9,150.0,1,1,0.32870366666666667,0.0
n9_diff,9,150.0,1,2,0.7527776666666667,0.0
n9_diff,9,150.0,1,4,0.474537,0.0
n9_diff,9,150.0,1,10,0.007407333333333333,0.0
n9_diff,9,150.0,2,1,17356.340972166665,26.481481481481485
n9_diff,9,150.0,2,2,2110.1050926666667,3.217592592592592
n9_diff,9,150.0,2,4,0.9319445000000001,0.0
n9_diff,9,150.0,2,10,0.11134266666666666,0.0
n9_diff,9,300.0,1,1,0.3125,0.0
n9_diff,9,300.0,1,2,0.7129628333333334,0.0
n9_diff,9,300.0,1,4,0.451389,0.0
n9_diff,9,300.0,1,10,0.05324066666666666,0.0
n9_diff,9,300.0,2,1,0.6743055,0.0
n9_diff,9,300.0,2,2,1.0506946666666668,0.0
n9_diff,9,300.0,2,4,1.0479168333333333,0.0
n9_diff,9,300.0,2,10,0.20462983333333332,0.0
n9_diff,9,500.0,2,1,0.31412033333333333,0.0
n9_diff,9,500.0,2,2,0.9425928333333333,0.0
n9_diff,9,500.0,2,4,0.8789351666666666,0.0
n9_diff,9,500.0,2,10,0.5046295,0.0
n9_diff,9,500.0,3,1,0.6921298333333333,0.0
n9_diff,9,500.0,3,2,0.9155863333333333,0.0
n9_diff,9,500.0,3,4,1.305401,0.0
n9_diff,9,500.0,3,10,0.8282406666666667,0.0
n9_diff,9,1000.0,3,1,0.33842599999999995,0.0
n9_diff,9,1000.0,3,2,0.5489198333333334,0.0
n9_diff,9,1000.0,3,4,0.7941358333333334,0.0
n9_diff,9,1000.0,3,10,0.6705246666666667,0.0
n9_diff,9,1000.0,5,1,0.48268516666666667,0.0
n9_diff,9,1000.0,5,2,1.45,0.0
n9_diff,9,1000.0,5,4,1.2335185,0.0
n9_diff,9,1000.0,5,10,1.107037,0.0
n9_diff,9,1500.0,5,1,0.32490749999999996,0.0
n9_diff,9,1500.0,5,2,0.6199073333333334,0.0
n9_diff,9,1500.0,5,4,0.8179631666666666,0.0
n9_diff,9,1500.0,5,10,0.9528703333333333,0.0
n9_diff,9,1500.0,10,1,6284.010046333333,9.583333333333332
n9_diff,9,1500.0,10,2,3569.4301851666664,5.439814814814814
n9_diff,9,1500.0,10,4,227.75523133333334,0.3425925925925926
n9_diff,9,1500.0,10,10,1.8572685,0.0
n9_diff,9,inf,1,1,0.0,0.0
n9_diff,9,inf,1,2,0.0,0.0
n9_diff,9,inf,1,4,0.0,0.0
n9_diff,9,inf,1,10,0.0,0.0
n9_homo,9,0.0,1,1,28665.422788,43.73971193415638
n9_homo,9,0.0,1,2,792.4271605,1.2088477366255144
n9_homo,9,0.0,1,4,0.046039111111111114,0.0
n9_homo,9,0.0,1,10,0.000823037037037037,0.0
n9_homo,9,150.0,1,1,0.7503085925925926,0.0
n9_homo,9,150.0,1,2,1.0156378518518518,0.0
n9_homo,9,150.0,1,4,0.19295266666666666,0.0
n9_homo,9,150.0,1,10,0.024588407407407406,0.0
n9_homo,9,150.0,2,1,16298.469187296296,24.866255144032923
n9_homo,9,150.0,2,2,2924.7850051666665,4.459876543209877
n9_homo,9,150.0,2,4,0.8876028518518518,0.0
n9_homo,9,150.0,2,10,0.06921298148148147,0.0
n9_homo,9,300.0,1,1,0.1392489074074074,0.0
n9_homo,9,300.0,1,2,0.3734052592592592,0.0
n9_homo,9,300.0,1,4,0.22793203703703704,0.0
n9_homo,9,300.0,1,10,0.041358018518518516,0.0
n9_homo,9,300.0,2,1,2.376620388888889,0.0
n9_homo,9,300.0,2,2,1.973096777777778,0.0
n9_homo,9,300.0,2,4,1.2036264444444444,0.0
n9_homo,9,300.0,2,10,0.17476851851851852,0.0
n9_homo,9,500.0,2,1,0.48865738888888893,0.0
n9_homo,9,500.0,2,2,1.349074074074074,0.0
n9_homo,9,500.0,2,4,0.6685184629629629,0.0
n9_homo,9,500.0,2,10,0.22836931481481482,0.0
n9_homo,9,500.0,3,1,2.8353395740740743,0.0
n9_homo,9,500.0,3,2,3.582733203703704,0.0
n9_homo,9,500.0,3,4,1.7363168703703702,0.0
n9_homo,9,500.0,3,10,0.45737314814814817,0.0
n9_homo,9,1000.0,3,1,0.39778812962962956,0.0
n9_homo,9,1000.0,3,2,0.8518175555555555,0.0
n9_homo,9,1000.0,3,4,0.8570301666666666,0.0
n9_homo,9,1000.0,3,10,0.283007537037037,0.0
n9_homo,9,1000.0,5,1,1.5451646666666665,0.0
n9_homo,9,1000.0,5,2,4.223230481481481,0.0
n9_homo,9,1000.0,5,4,3.2305967037037036,0.0
n9_homo,9,1000.0,5,10,1.006532925925926,0.0
n9_homo,9,1500.0,5,1,0.5059464814814815,0.0
n9_homo,9,1500.0,5,2,1.5162139814814815,0.0
n9_homo,9,1500.0,5,4,1.4942900925925926,0.0
n9_homo,9,1500.0,5,10,0.6793106296296295,0.0
n9_homo,9,1500.0,10,1,938.5484516296297,1.4223251028806587
n9_homo,9,1500.0,10,2,48.496486574074076,0.06327160493827161
n9_homo,9,1500.0,10,4,6.050571037037037,0.0
n9_homo,9,1500.0,10,10,3.5075360555555553,0.0
n9_homo,9,inf,1,1,0.0,0.0
n9_homo,9,inf,1,2,0.0,0.0
n9_homo,9,inf,1,4,0.0,0.0
n9_homo,9,inf,1,10,0.0,0.0
