household,configurations,rank_1,rank_2,rank_3,rank_4,rank_6,rank_7,rank_8,rank_9,rank_10,group4_first,gap_to_leader
Alone,96,3.53125,2.5208333333333335,2.9270833333333335,1.84375,5.270833333333333,1.5520833333333333,2.28125,3.0729166666666665,3.3125,73,-0.00012673154956427014
"2, all Group 4",96,5.25,2.4479166666666665,3.8541666666666665,2.1770833333333335,5.260416666666667,1.78125,3.0729166666666665,4.34375,3.59375,61,0.05872173469839333
"2, mixed",96,5.854166666666667,3.3958333333333335,4.645833333333333,2.625,6.166666666666667,3.0104166666666665,3.21875,5.635416666666667,4.28125,38,-0.2134998292483661
"5, mixed",96,8.0625,3.53125,4.739583333333333,4.979166666666667,5.364583333333333,2.3125,2.9895833333333335,5.927083333333333,4.708333333333333,12,1.7019441103621555
"9, one of each group",96,4.479166666666667,4.3125,4.395833333333333,4.4375,4.21875,4.604166666666667,4.552083333333333,4.53125,4.28125,26,-0.12880093276824536
"9, Group 4 is the 1",96,7.260416666666667,3.125,4.739583333333333,6.083333333333333,4.572916666666667,3.3645833333333335,3.84375,5.760416666666667,3.3333333333333335,12,1.1152845361859982
"9, Group 4 is the 8",96,5.791666666666667,3.40625,4.635416666666667,7.010416666666667,5.208333333333333,1.875,3.9791666666666665,5.59375,4.260416666666667,14,4.924169505846599
"9, all Group 4",96,5.520833333333333,2.5,4.59375,6.958333333333333,4.125,1.625,3.9166666666666665,4.833333333333333,4.041666666666667,16,0.6882920695011813
"18, two of each group",96,5.0,4.15625,4.416666666666667,4.229166666666667,4.34375,4.354166666666667,4.1875,4.458333333333333,4.458333333333333,25,-0.11663877454384915
"18, all Group 4",96,5.791666666666667,3.2083333333333335,4.364583333333333,7.15625,3.9791666666666665,1.6770833333333333,3.9895833333333335,5.708333333333333,3.8645833333333335,17,11.364667900375958
"36, four of each group",96,4.677083333333333,4.354166666666667,4.666666666666667,4.697916666666667,4.59375,4.5,4.020833333333333,4.208333333333333,4.666666666666667,20,-0.057184934300099896
"36, all Group 4",96,5.416666666666667,3.53125,3.8958333333333335,7.78125,4.135416666666667,2.3229166666666665,3.6354166666666665,6.729166666666667,3.4791666666666665,11,16.954401973522412
