group,household_type,role,sims,score,mismatch,sockless_pct,exhausted_pct
1,n1,alone,288,0.02302017361111111,0.023020190329218107,0.0,2.430555555555556
1,n18_diff,mixed,288,6715.452565567709,1.310014146090535,40.97222222222222,59.375
1,n18_homo,same group,288,5460.283200330439,1.183282643175583,33.33333333333333,47.91666666666667
1,n2_homo,same group,288,39.58910458680556,0.08293177726337449,1.0416666666666665,2.083333333333333
1,n2_mixed,mixed,2304,45.5420528828125,0.10995414576903292,1.0416666666666665,2.126736111111111
1,n36_diff,mixed,288,15280.406208777778,1.0725462159207817,61.111111111111114,70.48611111111111
1,n36_homo,same group,288,13479.13028340625,0.759547253657979,54.166666666666664,68.75
1,n5,mixed,20160,439.4367886375496,0.31566930757642564,2.1825396825396823,5.620039682539683
1,n9_diff,mixed,288,1229.097418013889,0.8030970293209877,11.11111111111111,19.09722222222222
1,n9_homo,same group,288,965.5263280671297,0.6837492141060815,8.680555555555555,15.625
1,n9_minority,majority,2304,1011.2136573527561,0.7264145688657407,8.680555555555555,17.881944444444446
1,n9_minority,minority,2304,1015.496189625,0.8591526009516461,9.244791666666668,16.536458333333336
2,n1,alone,288,0.05077994097222222,0.050779963991769546,0.0,0.0
2,n18_diff,mixed,288,6713.366047121528,1.2988866383744857,40.97222222222222,59.375
2,n18_homo,same group,288,5441.832851413001,1.0146346843564242,34.72222222222222,46.52777777777778
2,n2_homo,same group,288,44.032363015625,0.10149884259259259,1.0416666666666665,2.083333333333333
2,n2_mixed,mixed,2304,43.467535476996524,0.08975770801183128,1.0416666666666665,1.4322916666666665
2,n36_diff,mixed,288,15266.384662826391,1.0783253761574074,60.416666666666664,70.48611111111111
2,n36_homo,same group,288,13447.510228579571,0.7292134987997256,54.166666666666664,66.66666666666666
2,n5,mixed,20160,441.9382605892361,0.22764331643151087,2.1478174603174605,4.8065476190476195
2,n9_diff,mixed,288,1222.6544196597222,0.8075061085390947,11.11111111111111,19.09722222222222
2,n9_homo,same group,288,972.0890447391976,0.46193912179926844,8.333333333333332,13.194444444444445
2,n9_minority,majority,2304,1027.2726309291993,0.5318901959956919,8.854166666666668,14.019097222222221
2,n9_minority,minority,2304,1023.1364204318577,0.5823463622042181,9.331597222222223,15.885416666666666
3,n1,alone,288,0.04576290625,0.04576292438271605,0.0,0.0
3,n18_diff,mixed,288,6696.163265803819,1.7316608796296296,40.27777777777778,59.375
3,n18_homo,same group,288,5416.572699813464,1.8332393654263832,33.68055555555556,43.40277777777778
3,n2_homo,same group,288,50.70061423090278,0.13271299511316872,1.0416666666666665,1.0416666666666665
3,n2_mixed,mixed,2304,46.339995886718754,0.11777367862654321,1.0416666666666665,1.2586805555555556
3,n36_diff,mixed,288,15260.52289110243,1.8641256751543211,60.763888888888886,70.48611111111111
3,n36_homo,same group,288,13424.174395074557,2.327335176611797,54.166666666666664,68.75
3,n5,mixed,20160,442.3607093770337,0.2548798730526161,2.123015873015873,4.885912698412699
3,n9_diff,mixed,288,1222.2218254652778,0.8805909207818929,11.11111111111111,19.09722222222222
3,n9_homo,same group,288,975.5113251570215,0.7237257087334248,8.333333333333332,11.805555555555555
3,n9_minority,majority,2304,1012.2293994989149,0.745942714361497,8.59375,13.541666666666666
3,n9_minority,minority,2304,1025.3984922734373,0.697916144225823,9.375,15.79861111111111
4,n1,alone,288,0.010093555555555557,0.010093557098765433,0.0,0.0
4,n18_diff,mixed,288,6703.555410564236,1.306850887345679,40.97222222222222,59.375
4,n18_homo,same group,288,6619.479326168789,1.9975520476108823,42.70833333333333,62.84722222222222
4,n2_homo,same group,288,45.57872152604167,0.06761043595679012,1.0416666666666665,1.0416666666666665
4,n2_mixed,mixed,2304,42.81993005989583,0.07425106095679013,1.0416666666666665,1.215277777777778
4,n36_diff,mixed,288,15274.573345479168,1.0707940297067902,61.111111111111114,70.48611111111111
4,n36_homo,same group,288,15208.479284705536,1.2259513781721536,60.416666666666664,69.44444444444444
4,n5,mixed,20160,441.9167643412202,0.26092895723104054,2.1527777777777777,5.188492063492064
4,n9_diff,mixed,288,1215.9597228715277,0.8130561985596708,11.11111111111111,19.09722222222222
4,n9_homo,same group,288,1035.73211915625,1.3516527706332875,9.722222222222223,21.180555555555554
4,n9_minority,majority,2304,1073.9968185523003,1.26002843283822,10.15625,22.265625
4,n9_minority,minority,2304,1029.7160674613715,0.7224872202932099,9.505208333333332,16.23263888888889
6,n1,alone,288,0.5387834409722223,0.5387834362139918,0.0,0.0
6,n18_diff,mixed,288,6715.8247861875,1.3135104809670781,40.97222222222222,59.375
6,n18_homo,same group,288,5508.872840622106,0.7887802747770919,34.72222222222222,47.22222222222222
6,n2_homo,same group,288,43.50713911284723,0.8404724472736625,1.0416666666666665,2.083333333333333
6,n2_mixed,mixed,2304,48.758987980468746,0.16639539930555555,1.0416666666666665,1.6927083333333333
6,n36_diff,mixed,288,15272.665245381944,1.074792711548354,60.763888888888886,70.48611111111111
6,n36_homo,same group,288,13492.83194642776,0.6053712187785779,54.166666666666664,68.40277777777779
6,n5,mixed,20160,442.4047350593254,0.24893965406378601,2.1726190476190474,5.099206349206349
6,n9_diff,mixed,288,1221.2722971145834,0.8160008359053498,11.11111111111111,19.09722222222222
6,n9_homo,same group,288,981.2490151253858,0.8638299468449931,9.375,12.5
6,n9_minority,majority,2304,1035.6950006309135,0.7725315021781765,9.505208333333332,15.234375
6,n9_minority,minority,2304,1026.9516890403645,0.6471623022762345,9.461805555555555,14.930555555555555
7,n1,alone,288,0.005855510416666667,0.005855516975308642,0.0,2.430555555555556
7,n18_diff,mixed,288,6737.470426788194,1.6995625964506174,40.97222222222222,59.375
7,n18_homo,same group,288,5381.464743523727,1.6323521269147234,32.98611111111111,43.75
7,n2_homo,same group,288,39.57364534201389,0.06747251157407408,1.0416666666666665,3.8194444444444446
7,n2_mixed,mixed,2304,49.87151192404514,0.09373416602366255,1.0416666666666665,2.039930555555556
7,n36_diff,mixed,288,15274.263045760417,1.8930045974794238,61.111111111111114,70.48611111111111
7,n36_homo,same group,288,13398.666310779225,2.4338827982110196,55.208333333333336,68.40277777777779
7,n5,mixed,20160,442.00619474528776,0.23658158803644916,2.232142857142857,5.714285714285714
7,n9_diff,mixed,288,1217.129769798611,0.9085352366255144,11.11111111111111,19.09722222222222
7,n9_homo,same group,288,982.2480126087963,0.4932801068815729,11.458333333333332,15.972222222222221
7,n9_minority,majority,2304,1020.063752535536,0.4986496612172068,11.54513888888889,16.276041666666664
7,n9_minority,minority,2304,1027.6675060177952,0.6176294849537037,9.15798611111111,16.62326388888889
8,n1,alone,288,0.01653548263888889,0.016535493827160495,0.0,0.0
8,n18_diff,mixed,288,6708.105480472223,1.3163446823559672,40.97222222222222,59.375
8,n18_homo,same group,288,5458.935831775463,0.9631568822873801,34.02777777777778,45.83333333333333
8,n2_homo,same group,288,47.16676309895834,0.07540509259259259,1.0416666666666665,2.7777777777777777
8,n2_mixed,mixed,2304,45.99363702300347,0.08746419270833333,1.0416666666666665,2.083333333333333
8,n36_diff,mixed,288,15254.3046191658,1.0713681520061729,61.111111111111114,70.48611111111111
8,n36_homo,same group,288,13452.249378821662,0.8382402763488798,54.166666666666664,68.75
8,n5,mixed,20160,441.38669900332343,0.2160746711493239,2.1279761904761907,5.56547619047619
8,n9_diff,mixed,288,1227.2228793854165,0.8248546810699589,11.11111111111111,19.09722222222222
8,n9_homo,same group,288,1005.2080576176699,0.36065022005029723,10.76388888888889,19.09722222222222
8,n9_minority,majority,2304,1023.3667050523545,0.39715773091885287,10.460069444444445,17.881944444444446
8,n9_minority,minority,2304,1035.029604061632,0.5841719714506173,9.722222222222223,16.36284722222222
9,n1,alone,288,0.10130370138888889,0.1013036908436214,0.0,0.0
9,n18_diff,mixed,288,6715.054422104167,1.3016648984053498,40.97222222222222,59.375
9,n18_homo,same group,288,6283.795147194059,0.5824174275548697,37.84722222222222,45.83333333333333
9,n2_homo,same group,288,45.70482846527778,0.19371736754115226,1.0416666666666665,1.0416666666666665
9,n2_mixed,mixed,2304,47.072088143663194,0.1387548225308642,1.0416666666666665,1.3888888888888888
9,n36_diff,mixed,288,15258.658220651909,1.0792906057098766,60.763888888888886,70.48611111111111
9,n36_homo,same group,288,14210.66744234539,0.3714021151263146,56.59722222222222,68.75
9,n5,mixed,20160,441.57234626140877,0.25001822916666666,2.2222222222222223,5.233134920634921
9,n9_diff,mixed,288,1223.8690489930555,0.821147762345679,11.11111111111111,19.09722222222222
9,n9_homo,same group,288,1223.5439713020833,0.559279942558299,11.458333333333332,14.583333333333334
9,n9_minority,majority,2304,1214.162946252767,0.5283783586918082,11.371527777777777,14.453125
9,n9_minority,minority,2304,1264.8046203884549,0.7440442547582304,11.675347222222223,17.881944444444446
10,n1,alone,288,0.10092944444444445,0.10092946244855966,0.0,0.0
10,n18_diff,mixed,288,6718.342377197917,1.3027064043209875,40.97222222222222,59.375
10,n18_homo,same group,288,5433.996204086034,1.3051387102766345,32.63888888888889,45.13888888888889
10,n2_homo,same group,288,41.579094652777776,0.1766255144032922,1.0416666666666665,2.083333333333333
10,n2_mixed,mixed,2304,50.113328495225694,0.09851369598765432,1.0416666666666665,1.6927083333333333
10,n36_diff,mixed,288,15266.789564768227,1.0776306102109054,61.111111111111114,70.48611111111111
10,n36_homo,same group,288,13437.124496781249,0.7438474954989711,54.166666666666664,66.66666666666666
10,n5,mixed,20160,441.2944369326389,0.2384933770576132,2.1825396825396823,4.935515873015873
10,n9_diff,mixed,288,1217.4220765798611,0.8215827546296297,11.458333333333332,19.09722222222222
10,n9_homo,same group,288,966.5537051647376,0.8191647019318702,7.986111111111111,11.805555555555555
10,n9_minority,majority,2304,1034.5037587851562,0.7072155862188143,8.76736111111111,14.019097222222221
10,n9_minority,minority,2304,1018.9130896657987,0.6019785638503087,9.505208333333332,15.321180555555555
