context,partner,score,mismatch,sockless_pct
1 Group 4 + 1 other,1,46.24064714930555,0.09743730709876543,1.0416666666666665
1 Group 4 + 1 other,2,30.401853777777774,0.06111304012345679,1.0416666666666665
1 Group 4 + 1 other,3,38.6030140625,0.044989390432098764,1.0416666666666665
1 Group 4 + 1 other,6,48.16150526041667,0.12199909979423869,1.0416666666666665
1 Group 4 + 1 other,7,38.61830888888889,0.06028420781893004,1.0416666666666665
1 Group 4 + 1 other,8,38.62488104166667,0.06685635288065844,1.0416666666666665
1 Group 4 + 1 other,9,38.00227140625,0.07634548611111111,1.0416666666666665
1 Group 4 + 1 other,10,63.90695889236112,0.06498360339506173,1.0416666666666665
1 Group 4 + 8 other,1,994.5586937361111,1.2154838605967078,8.333333333333332
1 Group 4 + 8 other,2,1007.2989113749999,0.6816274434156379,8.333333333333332
1 Group 4 + 8 other,3,991.8391316319444,0.7714773019547325,8.333333333333332
1 Group 4 + 8 other,6,1002.9260046840277,0.7966219778806585,8.680555555555555
1 Group 4 + 8 other,7,995.08815971875,0.4175424382716049,11.458333333333332
1 Group 4 + 8 other,8,1021.6237834201389,0.4682278806584362,10.76388888888889
1 Group 4 + 8 other,9,1223.5356548958334,0.6141734182098766,11.805555555555555
1 Group 4 + 8 other,10,1000.8582002291668,0.8147434413580247,8.333333333333332
8 Group 4 + 1 other,1,1031.6808173819445,1.746990218299897,9.027777777777777
8 Group 4 + 1 other,2,1036.7559069101562,1.1964007442772635,9.027777777777777
8 Group 4 + 1 other,3,1034.2270111501737,1.2749123906893005,10.416666666666668
8 Group 4 + 1 other,6,1014.7702616219618,1.294706066743827,10.069444444444445
8 Group 4 + 1 other,7,1032.4022301315104,1.0461807564943415,10.069444444444445
8 Group 4 + 1 other,8,1053.5602730364583,1.1474335294495885,10.76388888888889
8 Group 4 + 1 other,9,1353.5616917738714,1.115272030928498,12.5
8 Group 4 + 1 other,10,1035.0163564123263,1.2583317258230453,9.375
