group,runs,mean,median,mismatch_daily,sockless_run_pct,sockless_day_pct,exhaustion_pct,mismatch_per_dressed_day,seat_weighted_mean,rank_simulation,rank_seat
1,29376,887.3342993376141,0.07145831250000001,0.4076393188716244,5.048338779956428,1.353342681933742,9.524782135076252,0.6699884592175617,3462.111697713238,1,5
2,29376,890.1432483651663,0.019444,0.3049977501422594,5.048338779956428,1.357785416603627,8.476307189542483,0.5059408071283477,3461.117308951202,4,4
3,29376,889.0480935021437,0.0260185,0.39091965742379775,5.00068082788671,1.3559832364694562,8.43886165577342,0.6046398845741531,3451.2471515165666,2,2
4,29376,923.6255299656967,0.035185,0.4172815884702218,5.327478213507626,1.4087039922850713,9.650735294117647,0.6893984872152155,3856.682782631259,8,9
6,29376,893.1013620468613,0.025,0.3623140271260182,5.140250544662309,1.3622116821730121,8.735021786492375,0.598341090706336,3477.2310993816486,7,7
7,29376,889.7262510402014,0.011111,0.3468114034433361,5.334286492374727,1.3570853266110687,9.439678649237472,0.532922811096006,3447.4066662580653,3,1
8,29376,891.0333141681215,0.020833,0.2857071923687599,5.215141612200435,1.359172984287165,9.466911764705882,0.4713511516369829,3463.6072712512614,6,6
9,29376,941.9585868758336,0.027778,0.3313815621529319,5.56917211328976,1.4368090901519788,8.973311546840959,0.5301216675635149,3724.6451323713877,9,8
10,29376,890.2035338189158,0.025926,0.3363120080020391,5.065359477124183,1.357829623136549,8.513752723311546,0.5775783723734599,3460.5514959900347,5,3
