group,seed,mean,mismatch_total,dressed_days,mismatch_per_dressed_day
1,1,886.5115139688252,6981104.416666667,10441388.597222222,0.6685992338723882
1,2,888.8923921518175,7044206.791666667,10440317.25,0.6747119482089174
1,3,886.5989918921994,6960335.083333333,10440693.819444444,0.6666544583819332
2,1,890.79378768989,5280118.388888889,10440779.263888888,0.5057207182945651
2,2,891.5611548460023,5293637.083333333,10440161.625,0.5070455107378027
2,3,888.0748025596064,5272970.972222222,10440364.333333334,0.505056222548385
3,1,889.496126513462,6240888.194444444,10440944.152777778,0.5977321689613747
3,2,889.1245465612647,6330505.277777778,10440515.097222222,0.6063403212224708
3,3,888.5236074317046,6367162.958333333,10440583.694444444,0.6098474131979206
4,1,926.4434017111076,7184586.361111111,10433637.333333334,0.6885984371105012
4,2,923.0936868123781,7171032.513888889,10433511.638888888,0.6873076641962288
4,3,921.3395013736043,7222888.027777778,10433335.875,0.6922894186781635
6,1,895.1401949288946,6217280.125,10439927.055555556,0.595529077158782
6,2,892.3601014656707,6296489.069444444,10439702.027777778,0.60312919398378
6,3,891.8037897460185,6226088.347222222,10440061.027777778,0.5963651295386612
7,1,889.824355549865,5537090.986111111,10440349.736111112,0.5303549331263688
7,2,889.8605136306226,5603046.5,10439909.333333334,0.5366949387299915
7,3,889.4938839401169,5551067.472222222,10439858.236111112,0.5317186638628166
8,1,891.1695008954234,4904044.055555556,10440331.944444444,0.4697210856562006
8,2,892.2022656076998,4911859.152777778,10439427.5,0.47051039463397565
8,3,889.7281760012412,4946651.930555556,10439894.888888888,0.47382200522155116
9,1,941.4138640269551,5516524.597222222,10420952.291666666,0.5293685685168741
9,2,945.9491206929905,5531343.138888889,10419214.291666666,0.5308791031693131
9,3,938.5127759075549,5524084.25,10420491.111111112,0.5301174571426682
10,1,889.2334186659064,5972905.402777778,10440663.916666666,0.5720809950833773
10,2,892.075146111558,6058985.236111111,10439951.458333334,0.5803652689663354
10,3,889.3020366792832,6058164.958333333,10439905.722222222,0.5802892401066435
